<?xml version="1.0" encoding="UTF-8"?>
<!DOCTYPE mapper PUBLIC "-//mybatis.org//DTD Mapper 3.0//EN" "http://mybatis.org/dtd/mybatis-3-mapper.dtd">
<mapper namespace="com.hong.shop.dao.ShopMapper">

	<select id="login_check" parameterType="UserDto" resultType="String">
		select user_pw from user_tb where user_id = #{user_id}
	</select>
	
	<select id="getOneUser" parameterType="UserDto" resultType="UserDto">
		select * from user_tb where user_id = #{user_id}
	</select>
	
	<select id="getAllBoardByPage" parameterType="map" resultType="BoardDto">
		select * from board where depth = 0 order by bd_time desc limit #{startboard}, #{pagesize} 
	</select>
	
	<insert id="board_insert" parameterType="BoardDto" useGeneratedKeys="true" keyProperty="board_pk">
		insert into board(user_fk, title, content,hit, depth) values (#{user_fk}, #{title}, #{content},0, 0)
	</insert>
	
	<update id="board_grp_update" parameterType="int">
		update board set grp = #{board_pk} where board_pk = #{board_pk}
	</update>
	
	<update id="board_reply_update" parameterType="BoardDto">
		update board set grp = #{grp}, depth = 1 where board_pk = #{board_pk}
	</update>
	
	<select id="getOneBoard" parameterType="int" resultType="BoardDto">
		select b.*, u.user_id 
		from board b inner join user_tb u 
		on b.user_fk = u.user_pk 
		where board_pk = #{board_pk}
	</select>
	
	<update id="board_update" parameterType="BoardDto">
		update board set title = #{title}, content = #{content} where board_pk = #{board_pk}
	</update>
	
	<update id="update_hit" parameterType="int"> 
		update board set hit = hit + 1 where board_pk = #{board_pk}
	</update>
	
	<select id="update_userCheck" parameterType="int" resultType="UserDto">
		select * from user_tb where user_pk = #{user_fk}
	</select>
	
	<select id="getPageCount" resultType="int">
		select count(*) from board where depth=0
	</select>
	
	<select id="getReply" parameterType="int" resultType="BoardDto">
		select b.*, u.user_id from 
		(select * from board where grp = #{board_pk} and depth = 1) b inner join user_tb u
		on b.user_fk = u.user_pk
	</select>
	
	<delete id="board_delete" parameterType="int">
		delete from board where board_pk = #{board_pk}	
	</delete>
</mapper>