<?xml version="1.0" encoding="UTF-8"?>
<beans:beans xmlns="http://www.springframework.org/schema/mvc"
	xmlns:xsi="http://www.w3.org/2001/XMLSchema-instance" xmlns:beans="http://www.springframework.org/schema/beans"
	xmlns:context="http://www.springframework.org/schema/context"
	xsi:schemaLocation="http://www.springframework.org/schema/mvc http://www.springframework.org/schema/mvc/spring-mvc.xsd
		http://www.springframework.org/schema/beans http://www.springframework.org/schema/beans/spring-beans.xsd
		http://www.springframework.org/schema/context http://www.springframework.org/schema/context/spring-context.xsd">

	<!-- DispatcherServlet Context: defines this servlet's request-processing 
		infrastructure -->

	<!-- Enables the Spring MVC @Controller programming model -->
	<annotation-driven />

	<!-- Handles HTTP GET requests for /resources/** by efficiently serving 
		up static resources in the ${webappRoot}/resources directory -->
	<resources mapping="/resources/**" location="/resources/" />
	<resources mapping="/views/**" location="/WEB-INF/views/"/>
	<!-- Resolves views selected for rendering by @Controllers to .jsp resources 
		in the /WEB-INF/views directory -->
	<beans:bean
		class="org.springframework.web.servlet.view.InternalResourceViewResolver">
		<beans:property name="prefix" value="/WEB-INF/views/" />
		<beans:property name="suffix" value=".jsp" />
	</beans:bean>

	<context:component-scan base-package="javalec.kim.hong" />

	<context:property-placeholder location="/WEB-INF/config.properties" />

	<beans:bean id="dataSource" class="org.apache.commons.dbcp.BasicDataSource">
		<beans:property name="driverClassName" value="${jdbc.driverClass}" />
		<beans:property name="url" value="${jdbc.url}" />
		<beans:property name="username" value="${jdbc.username}" />
		<beans:property name="password" value="${jdbc.password}" />
	</beans:bean>

	<beans:bean id="sqlSessionFactory" class="org.mybatis.spring.SqlSessionFactoryBean">
		<beans:property name="dataSource" ref="dataSource" />
		<beans:property name="typeAliasesPackage" value="javalec.kim.hong" />
		<beans:property name="mapperLocations" value="classpath:javalec/kim/hong/**/*.xml" />
	</beans:bean>

	<beans:bean class="org.mybatis.spring.mapper.MapperScannerConfigurer">
		<beans:property name="basePackage" value="javalec.kim.hong" />
		<beans:property name="sqlSessionFactoryBeanName" value="sqlSessionFactory" />
	</beans:bean>

</beans:beans>
