<?xml version="1.0" encoding="UTF-8"?>
<!DOCTYPE mapper PUBLIC "-//mybatis.org//DTD Mapper 3.0//EN" "http://mybatis.org/dtd/mybatis-3-mapper.dtd">
<mapper namespace="javalec.kim.hong.dao.CalMapper">

	<select id="eventlist" parameterType="map" resultType="EventDto">
		select ev.*, cg.kind_name 
		from event as ev
		inner join category as cg 
		on ev.category = cg.kind_i <!-- event 테이블의 종류 외래키와 category 테이블의 기본키를 연결하기위해 inner join 사용 -->  
		<where>
			(user_fk = #{user_pk} and 
				(left(s_date, 7) = #{searchdate} or left(e_date, 7) = #{searchdate}))
			<if test="searchtext!=null and !searchtext.equals('')">
				<if test="type==0">
					and (title like concat('%',#{searchtext},'%') or content like
					concat('%',#{searchtext},'%') or kind_name like
					concat('%',#{searchtext},'%'))
				</if>
				<if test="type==1">
					and title like concat('%',#{searchtext},'%')
				</if>
				<if test="type==2">
					and content like concat('%',#{searchtext},'%')
				</if>
				<if test="type==3">
					and kind_name like concat('%',#{searchtext},'%')
				</if>
			</if>
		</where>
		order by s_date, e_date
	</select>

	<!-- 이벤트 추가 -->
	<insert id="insertEvent" parameterType="EventDto">
		insert into event(title,
		content, s_date, e_date, category,user_fk) values (#{title},
		#{content}, #{s_date}, #{e_date}, #{category}, #{user_fk});
	</insert>

	<!-- 해당 년도에 이벤트들 select -->
	<select id="yearEvent" parameterType="map" resultType="EventDto">
		select *
		from event where (left(s_date, 4) = #{crtYear} or left(e_date, 4) =
		#{crtYear}) and user_fk = #{user_fk} order by s_date, e_date
	</select>

	<!-- 이벤트 하나 선택 -->
	<select id="oneEvent" parameterType="int" resultType="EventDto">
		select *
		from event where event_id = #{event_id}
	</select>
	
	<!-- 이벤트 수정 -->
	<update id="updateEvent" parameterType="EventDto">
		update event set
		title=#{title},content=#{content},s_date=#{s_date},e_date=#{e_date},category=#{category}
		where event_id = #{event_id}
	</update>

	<!-- 이벤트 삭제 -->
	<delete id="deleteEvent" parameterType="int">
		delete from event where event_id = #{event_id}
	</delete>

	<!-- 년월일 값 모두를 통해 해당 일에 이벤트들 select -->
	<select id="dayEvent" parameterType="map" resultType="EventDto">
		select * 	from event where (left(s_date, 10) = #{searchday} or left(e_date, 10)
			= #{searchday}) and user_fk = #{user_fk} order by s_date, e_date
	</select>

	<!-- 로그인 시도 비밀번호 검사 or 회원 존재 유무 겁사 -->
	<select id="usercheck" parameterType="UserDto" resultType="String">
		select pwd from user where user_id = #{user_id}
	</select>

	<!-- 로그인 성공시 해당 아이디에 DB 값 select -->
	<select id="getOneUser" parameterType="String" resultType="UserDto">
		select * from user where user_id = #{user_id}
	</select>

	<!-- 회원가입 시도하는 ID가 존재하는지 검사하기 위해 user 테이블에서 검색 -->
	<select resultType="String" parameterType="UserDto" id="insert_id_check"> 
	select user_id from user where user_id = #{user_id} 
	</select>

	<!-- user 테이블에 jsp에서 넘어온 data를 추가 -->
	<insert parameterType="UserDto" id="insertUser">
	 insert into user values(null, #{user_id},#{pwd},#{name})
	 </insert>
	 
	 <!-- 프레임 좌측에서 전체 일정  -->
	 <select id="allEvent" parameterType="int" resultType="EventDto">
	 	select * from event where user_fk = #{user_pk};
	 </select>
	 
	 <!-- 프레임 화면에서 날짜만으로 검색하는 기능 -->
	 <select id="srchEvent" parameterType="SrchDto" resultType="EventDto">
	 	<![CDATA[
	 	select * from event 
	 	where ((s_date >= #{srch_str} and s_date <= #{srch_end}) or (e_date >= #{srch_str} and e_date <= #{srch_end}))
	 	and user_fk = #{user_pk} order by s_date, e_date
	 	]]>
	 </select>
</mapper>